model_type,model_label,dataset,class,f1,f1_ci_lo,f1_ci_hi,auc,auc_ci_lo,auc_ci_hi
mil_resnet50,MIL ResNet-50,Lung-PET-CT-Dx (test),Adenocarcinoma,0.7096774193548387,0.5816795069337442,0.8183155080213903,0.7807017543859649,0.6368421052631579,0.8964912280701754
mil_resnet50,MIL ResNet-50,Lung-PET-CT-Dx (test),Small Cell,0.25,0.0,0.6666666666666666,0.6702127659574468,0.41125886524822686,0.9114361702127659
mil_resnet50,MIL ResNet-50,Lung-PET-CT-Dx (test),Squamous,0.3888888888888889,0.24981060606060607,0.5142857142857142,0.6616161616161615,0.4646464646464647,0.8333964646464647
mil_resnet50,MIL ResNet-50,BigLunge (test),Adenocarcinoma,0.3076923076923077,0.08333333333333333,0.5185185185185185,0.4833333333333333,0.30828125,0.66875
mil_resnet50,MIL ResNet-50,BigLunge (test),Small Cell,0.25641025641025644,0.1025,0.41046511627906956,0.4397321428571428,0.25,0.6339843749999999
mil_resnet50,MIL ResNet-50,BigLunge (test),Squamous,0.2222222222222222,0.0,0.4444444444444444,0.35624999999999996,0.19781249999999997,0.53125
